{
  "baseline": {
    "threshold": 0.5,
    "accuracy": 0.9674329501915708,
    "specificity": 0.9925373134328358,
    "recall": 0.9587628865979382,
    "balanced_accuracy": 0.975650100015387,
    "true_negatives": 266,
    "false_positives": 2,
    "false_negatives": 32,
    "true_positives": 744
  },
  "optimal": {
    "threshold": 0.4,
    "accuracy": 0.9770114942528736,
    "specificity": 0.9925373134328358,
    "recall": 0.9716494845360825,
    "balanced_accuracy": 0.9820933989844591,
    "true_negatives": 266,
    "false_positives": 2,
    "false_negatives": 22,
    "true_positives": 754
  },
  "roc_auc": 0.998216071703339,
  "model_path": "C:\\Users\\vedan\\Documents\\projects\\AI-Chest-Xray-Assistant\\models\\densenet121\\best_model.pth",
  "generated_at": "2026-07-02T20:25:15.050194+00:00",
  "threshold_search": {
    "min": 0.4,
    "max": 0.95,
    "steps": 111
  }
}