{
  "baseline": {
    "threshold": 0.5,
    "accuracy": 0.8862179487179487,
    "specificity": 0.7136752136752137,
    "recall": 0.9897435897435898,
    "balanced_accuracy": 0.8517094017094018,
    "true_negatives": 167,
    "false_positives": 67,
    "false_negatives": 4,
    "true_positives": 386
  },
  "optimal": {
    "threshold": 0.85,
    "accuracy": 0.9326923076923077,
    "specificity": 0.8504273504273504,
    "recall": 0.982051282051282,
    "balanced_accuracy": 0.9162393162393162,
    "true_negatives": 199,
    "false_positives": 35,
    "false_negatives": 7,
    "true_positives": 383
  },
  "roc_auc": 0.9728742055665133,
  "model_path": "C:\\Users\\vedan\\Documents\\projects\\AI-Chest-Xray-Assistant\\models\\densenet121\\best_model.pth",
  "generated_at": "2026-07-02T22:12:04.465805+00:00",
  "operating_point": {
    "threshold": 0.85,
    "selection": "fixed clinical operating point (see config)",
    "metrics_split": "test"
  }
}